{"cameraMode":{"drawMode":0,"name":"Shaded","section":"Shading Mode"},"sceneLighting":true,"audioPlay":false,"sceneViewState":{"m_AlwaysRefresh":false,"showFog":true,"showSkybox":true,"showFlares":true,"showImageEffects":true,"showParticleSystems":true,"showVisualEffectGraphs":true,"m_FxEnabled":true},"in2DMode":false,"pivot":{"x":1.9461387395858765,"y":-0.22431835532188416,"z":3.583662986755371},"rotation":{"x":0.08918289840221405,"y":-0.04629779979586601,"z":0.004149760585278273,"w":0.994930624961853},"size":31.426340103149415,"orthographic":false}